voltageUV,frequencyKHz
450000,330000
456250,330000
462500,330000
468750,330000
475000,330000
481250,330000
487500,330000
493750,330000
500000,330000
506250,330000
512500,330000
518750,330000
525000,330000
531250,330000
537500,360000
543750,405000
550000,450000
556250,495000
562500,525000
568750,570000
575000,615000
581250,660000
587500,690000
593750,735000
600000,765000
606250,810000
612500,855000
618750,885000
625000,930000
631250,960000
637500,1005000
643750,1035000
650000,1080000
656250,1110000
662500,1155000
668750,1185000
675000,1230000
681250,1260000
687500,1305000
693750,1335000
700000,1365000
706250,1380000
712500,1395000
718750,1425000
725000,1440000
731250,1455000
737500,1485000
743750,1500000
750000,1515000
756250,1530000
762500,1545000
768750,1575000
775000,1590000
781250,1605000
787500,1620000
793750,1635000
800000,1650000
806250,1665000
812500,1680000
818750,1695000
825000,1710000
831250,1725000
837500,1740000
843750,1755000
850000,1770000
856250,1785000
862500,1800000
868750,1815000
875000,1830000
881250,1845000
887500,1860000
893750,1875000
900000,1875000
906250,1890000
912500,1905000
918750,1905000
925000,1905000
931250,1905000
937500,1905000
943750,1905000
950000,1905000
956250,1905000
962500,1905000
968750,1905000
975000,1920000
981250,1920000
987500,1935000
993750,1935000
1000000,1950000
1006250,1950000
1012500,1965000
1018750,1965000
1025000,1980000
1031250,1980000
1037500,1995000
1043750,1995000
1050000,2010000
1056250,2010000
1062500,2010000
1068750,2025000
1075000,2025000
1081250,2025000
1087500,2025000
1093750,2040000
1100000,2040000
1106250,2040000
1112500,2040000
1118750,2040000
1125000,2055000
1131250,2055000
1137500,2055000
1143750,2055000
1150000,2055000
1156250,2055000
1162500,2055000
1168750,2055000
1175000,2055000
1181250,2055000
1187500,2055000
1193750,2055000
1200000,2055000
1206250,2055000
1212500,2055000
1218750,2055000
1225000,2055000
1231250,2055000
1237500,2055000
